timestamp,username,text
2023-10-27T10:00:00Z,user1,"This product is absolute garbage, stopped working after 2 hours! 😡 #fail"
2023-10-27T10:00:03Z,user2,"The pricing on the new tier is honestly incredible 🚀 Buying now."
2023-10-27T10:00:06Z,user3,"Customer service hung up on me. The worst support I've ever experienced."
2023-10-27T10:00:09Z,user4,"Wow. Another 'great' update that breaks everything. Just fantastic. 🙄"
2023-10-27T10:00:12Z,user5,"Delivery speed is unmatched. Got it in 2 days. 📦💨"
2023-10-27T10:00:15Z,user6,"Quality is okay, but it feels a bit cheap for the price tag."
2023-10-27T10:00:18Z,user7,"Just got mine!! 😍 Very excited to try it out."
2023-10-27T10:00:21Z,user8,"Can anyone tell me where to download the manual? Link isn't working."
2023-10-27T10:00:24Z,user9,"It broke immediately. Absolute trash. 📉"
2023-10-27T10:00:27Z,user10,"This app is slow as molasses in winter. Needs serious optimization."
2023-10-27T10:00:30Z,user11,"I love how it crashes exactly when I try to save. Perfect design."
2023-10-27T10:00:33Z,user12,"The UI is so clean and easy to use. Best product in the market!"
2023-10-27T10:00:36Z,user13,"Too expensive for what it offers. I'm switching to a competitor."
2023-10-27T10:00:39Z,user14,"Is there an ETA on the new features? RT @brand"
2023-10-27T10:00:42Z,user15,"I've been on hold with support for 45 minutes... someone please help."
2023-10-27T10:00:45Z,user16,"Can't believe how fast they shipped this! 🏎️"
2023-10-27T10:00:48Z,user17,"The build quality is so premium. Worth every penny."
2023-10-27T10:00:51Z,user18,"Yeah, sure, release a paid DLC when the base game is still broken. Brilliant."
2023-10-27T10:00:54Z,user19,"Check out this link for a free gift card -> http://spam.com/h23j"
2023-10-27T10:00:57Z,user20,"My 3rd order and I am still amazed by the quality. 🔥"
